{
    "claude-instant": {
        "completion": 0.00551,
        "prompt": 0.00163
    },
    "claude-2": {
        "completion": 0.03268,
        "prompt": 0.01102
    },
    "version": "2023-07-11"
}